ITEM,  ISBN, YES
1, 9.78047E+12, YES
2, 4.78047E+12, YES
3,  978 0 471 48648 0, YES
4,  978-0596809485, YES
5,  978-0-13-149505-0, YES
6,  978-0-262-13472-9, YES
7, 7465905, YES
8, 0, YES
9,  7987022-78962-ds-22, YES
10, 471958697, YES
11,  0 471 60695 2, YES
12,  0-470-84525-2, YES
13,  0-321-14653-0, YES
14,  877195869x, YES
15,  877195x869, YES
16,  , YES
17,  877195869xx, YES
18,  877195@869x, YES
