ITEM,  ISBN, CHECKS
1, 9.78047E+12, INVALID
2, 4.78047E+12, INVALID
3,  978 0 471 48648 0, VALID
4,  978-0596809485, VALID
5,  978-0-13-149505-0, VALID
6,  978-0-262-13472-9, VALID
7, 7465905, INVALID
8, 0, INVALID
9,  7987022-78962-ds-22, INVALID
10, 471958697, INVALID
11,  0 471 60695 2, VALID
12,  0-470-84525-2, VALID
13,  0-321-14653-0, VALID
14,  877195869x, VALID
15,  877195x869, INVALID
16,  , INVALID
17,  877195869xx, INVALID
18,  877195@869x, INVALID
